{
    "requests": {
        "GET_/generate-image/7/1": {
            "request_type": "GET",
            "num_requests": 13,
            "min_response_time": 2561.8554999964545,
            "median_response_time": 16000.0,
            "avg_response_time": 16216.136123076118,
            "max_response_time": 29679.221099999268,
            "response_times": {
                "2600.0": 1,
                "4800.0": 1,
                "7100.0": 1,
                "9400.0": 1,
                "12000.0": 1,
                "14000.0": 1,
                "16000.0": 1,
                "19000.0": 1,
                "21000.0": 1,
                "23000.0": 1,
                "25000.0": 1,
                "28000.0": 1,
                "30000.0": 1
            },
            "response_time_percentiles": {
                "55": 19000.0,
                "65": 21000.0,
                "75": 23000.0,
                "85": 28000.0,
                "95": 30000.0
            },
            "total_rps": 0.43795233752948737,
            "total_rpm": 26.277140251769243
        }
    },
    "failures": {},
    "num_requests": 13,
    "num_requests_fail": 0,
    "start_time": 1709194159.2869382,
    "end_time": 1709194189.3746853
}