{
    "requests": {
        "GET_//fibo/5/2": {
            "request_type": "GET",
            "num_requests": 6755,
            "min_response_time": 68.3567999949446,
            "median_response_time": 110.0,
            "avg_response_time": 142.32851058476092,
            "max_response_time": 775.1149000032456,
            "response_times": {
                "310.0": 11,
                "300.0": 19,
                "320.0": 12,
                "330.0": 26,
                "260.0": 49,
                "360.0": 16,
                "350.0": 20,
                "370.0": 12,
                "390.0": 15,
                "380.0": 1,
                "400.0": 12,
                "410.0": 10,
                "440.0": 11,
                "470.0": 9,
                "460.0": 1,
                "480.0": 1,
                "500.0": 7,
                "490.0": 9,
                "510.0": 1,
                "530.0": 6,
                "550.0": 5,
                "560.0": 9,
                "580.0": 1,
                "590.0": 12,
                "610.0": 7,
                "620.0": 3,
                "630.0": 1,
                "640.0": 4,
                "650.0": 7,
                "670.0": 4,
                "660.0": 3,
                "690.0": 10,
                "680.0": 6,
                "700.0": 10,
                "750.0": 21,
                "740.0": 1,
                "770.0": 12,
                "780.0": 1,
                "100.0": 505,
                "110.0": 756,
                "150.0": 129,
                "160.0": 150,
                "170.0": 175,
                "180.0": 165,
                "190.0": 127,
                "200.0": 124,
                "210.0": 98,
                "220.0": 142,
                "230.0": 138,
                "240.0": 92,
                "250.0": 87,
                "270.0": 47,
                "280.0": 30,
                "290.0": 25,
                "79": 94,
                "83": 96,
                "82": 122,
                "81": 93,
                "86": 94,
                "98": 117,
                "130.0": 326,
                "120.0": 493,
                "84": 106,
                "72": 41,
                "99": 78,
                "93": 89,
                "94": 101,
                "90": 107,
                "85": 96,
                "75": 68,
                "80": 93,
                "74": 70,
                "78": 87,
                "95": 113,
                "96": 90,
                "140.0": 189,
                "92": 88,
                "97": 105,
                "91": 90,
                "89": 95,
                "76": 56,
                "88": 105,
                "87": 101,
                "77": 79,
                "73": 48,
                "70": 13,
                "71": 35,
                "69": 12,
                "68": 2,
                "340.0": 8
            },
            "response_time_percentiles": {
                "55": 110.0,
                "65": 130.0,
                "75": 160.0,
                "85": 210.0,
                "95": 290.0
            },
            "total_rps": 223.09426196995096,
            "total_rpm": 13385.655718197058
        }
    },
    "failures": {},
    "num_requests": 6755,
    "num_requests_fail": 0,
    "start_time": 1708853225.186245,
    "end_time": 1708853255.5598645
}